{
  "formatVersion": 1,
  "database": {
    "version": 1,
    "identityHash": "8ca228b3ce51f935075d87b2a105cf31",
    "entities": [
      {
        "tableName": "Peer",
        "createSql": "CREATE TABLE IF NOT EXISTS `${TABLE_NAME}` (`id` INTEGER PRIMARY KEY AUTOINCREMENT NOT NULL, `name` TEXT, `timestamp` INTEGER, `latitude` REAL, `longitude` REAL)",
        "fields": [
          {
            "fieldPath": "id",
            "columnName": "id",
            "affinity": "INTEGER",
            "notNull": true
          },
          {
            "fieldPath": "name",
            "columnName": "name",
            "affinity": "TEXT",
            "notNull": false
          },
          {
            "fieldPath": "timestamp",
            "columnName": "timestamp",
            "affinity": "INTEGER",
            "notNull": false
          },
          {
            "fieldPath": "latitude",
            "columnName": "latitude",
            "affinity": "REAL",
            "notNull": false
          },
          {
            "fieldPath": "longitude",
            "columnName": "longitude",
            "affinity": "REAL",
            "notNull": false
          }
        ],
        "primaryKey": {
          "autoGenerate": true,
          "columnNames": [
            "id"
          ]
        },
        "indices": [
          {
            "name": "index_Peer_name",
            "unique": true,
            "columnNames": [
              "name"
            ],
            "orders": [],
            "createSql": "CREATE UNIQUE INDEX IF NOT EXISTS `index_Peer_name` ON `${TABLE_NAME}` (`name`)"
          }
        ],
        "foreignKeys": []
      },
      {
        "tableName": "Chatroom",
        "createSql": "CREATE TABLE IF NOT EXISTS `${TABLE_NAME}` (`id` INTEGER PRIMARY KEY AUTOINCREMENT NOT NULL, `name` TEXT)",
        "fields": [
          {
            "fieldPath": "id",
            "columnName": "id",
            "affinity": "INTEGER",
            "notNull": true
          },
          {
            "fieldPath": "name",
            "columnName": "name",
            "affinity": "TEXT",
            "notNull": false
          }
        ],
        "primaryKey": {
          "autoGenerate": true,
          "columnNames": [
            "id"
          ]
        },
        "indices": [
          {
            "name": "index_Chatroom_name",
            "unique": true,
            "columnNames": [
              "name"
            ],
            "orders": [],
            "createSql": "CREATE UNIQUE INDEX IF NOT EXISTS `index_Chatroom_name` ON `${TABLE_NAME}` (`name`)"
          }
        ],
        "foreignKeys": []
      },
      {
        "tableName": "Message",
        "createSql": "CREATE TABLE IF NOT EXISTS `${TABLE_NAME}` (`id` INTEGER PRIMARY KEY AUTOINCREMENT NOT NULL, `chatroom` TEXT, `messageText` TEXT, `seqNum` INTEGER NOT NULL, `appID` TEXT, `timestamp` INTEGER, `latitude` REAL, `longitude` REAL, `sender` TEXT, FOREIGN KEY(`sender`) REFERENCES `Peer`(`name`) ON UPDATE NO ACTION ON DELETE NO ACTION )",
        "fields": [
          {
            "fieldPath": "id",
            "columnName": "id",
            "affinity": "INTEGER",
            "notNull": true
          },
          {
            "fieldPath": "chatroom",
            "columnName": "chatroom",
            "affinity": "TEXT",
            "notNull": false
          },
          {
            "fieldPath": "messageText",
            "columnName": "messageText",
            "affinity": "TEXT",
            "notNull": false
          },
          {
            "fieldPath": "seqNum",
            "columnName": "seqNum",
            "affinity": "INTEGER",
            "notNull": true
          },
          {
            "fieldPath": "appID",
            "columnName": "appID",
            "affinity": "TEXT",
            "notNull": false
          },
          {
            "fieldPath": "timestamp",
            "columnName": "timestamp",
            "affinity": "INTEGER",
            "notNull": false
          },
          {
            "fieldPath": "latitude",
            "columnName": "latitude",
            "affinity": "REAL",
            "notNull": false
          },
          {
            "fieldPath": "longitude",
            "columnName": "longitude",
            "affinity": "REAL",
            "notNull": false
          },
          {
            "fieldPath": "sender",
            "columnName": "sender",
            "affinity": "TEXT",
            "notNull": false
          }
        ],
        "primaryKey": {
          "autoGenerate": true,
          "columnNames": [
            "id"
          ]
        },
        "indices": [
          {
            "name": "index_Message_sender",
            "unique": false,
            "columnNames": [
              "sender"
            ],
            "orders": [],
            "createSql": "CREATE INDEX IF NOT EXISTS `index_Message_sender` ON `${TABLE_NAME}` (`sender`)"
          }
        ],
        "foreignKeys": [
          {
            "table": "Peer",
            "onDelete": "NO ACTION",
            "onUpdate": "NO ACTION",
            "columns": [
              "sender"
            ],
            "referencedColumns": [
              "name"
            ]
          }
        ]
      }
    ],
    "views": [],
    "setupQueries": [
      "CREATE TABLE IF NOT EXISTS room_master_table (id INTEGER PRIMARY KEY,identity_hash TEXT)",
      "INSERT OR REPLACE INTO room_master_table (id,identity_hash) VALUES(42, '8ca228b3ce51f935075d87b2a105cf31')"
    ]
  }
}